percentile,1.wrk
0.000000,13.967
0.100000,14.087
0.200000,15.047
0.300000,16.015
0.400000,16.543
0.500000,16.687
0.550000,16.911
0.600000,16.911
0.650000,16.943
0.700000,17.423
0.750000,17.679
0.775000,18.047
0.800000,18.047
0.825000,19.135
0.850000,19.135
0.875000,19.311
0.887500,19.311
0.900000,19.311
0.912500,19.807
0.925000,19.807
0.937500,19.807
0.943750,19.807
0.950000,19.807
0.956250,24.703
1.000000,24.703
